package,name,composable,skippable,restartable,readonly,inline,isLambda,hasDefaults,defaultsGroup,groups,calls,
com.terning.feature.onboarding.signin.SignInRoute,SignInRoute,1,1,1,0,0,0,1,0,2,8,
com.terning.feature.onboarding.signin.SignInScreen,SignInScreen,1,1,1,0,0,0,0,0,1,1,
com.terning.feature.onboarding.signin.SignInLottie,SignInLottie,1,1,1,0,0,0,0,0,1,2,
com.terning.feature.onboarding.signin.SignInScreenPreview,SignInScreenPreview,1,1,1,0,0,0,0,0,1,1,
com.terning.feature.onboarding.signin.component.KakaoButton,KakaoButton,1,1,1,0,0,0,0,0,1,1,
com.terning.feature.onboarding.signin.component.KakaoButtonPreview,KakaoButtonPreview,1,1,1,0,0,0,0,0,1,1,
com.terning.feature.onboarding.signup.SignUpRoute,SignUpRoute,1,1,1,0,0,0,1,0,3,9,
com.terning.feature.onboarding.signup.SignUpScreen,SignUpScreen,1,1,1,0,0,0,0,0,1,2,
com.terning.feature.onboarding.signup.SignUpScreenPreview,SignUpScreenPreview,1,1,1,0,0,0,0,0,1,1,
com.terning.feature.onboarding.splash.SplashRoute,SplashRoute,1,1,1,0,0,0,1,0,2,8,
com.terning.feature.onboarding.splash.SplashScreen,SplashScreen,1,1,1,0,0,0,0,0,1,1,
com.terning.feature.onboarding.splash.SplashScreenPreview,SplashScreenPreview,1,1,1,0,0,0,0,0,1,1,
